Unidad,Latitude,Longitud,imssadis,unidadsadis,pmejoro,pigual,pempeoro,Mujer,Hombre,edad
HGPMF 31 MEXICALI,32.6630,-115.4664, 93.3 , 93.3 , 83.0 , 14.6 , 2.4 , 65.8 , 34.2 , 57.1 
HGRMF 1 CUERNAVACA,32.5887,-115.3722, 81.6 , 81.4 , 58.1 , 34.2 , 7.7 , 71.1 , 28.9 , 50.4 
HGSMF 12 AGUAPRIETA,31.3136,-109.5412, 75.3 , 79.5 , 44.5 , 41.8 , 13.7 , 67.2 , 32.8 , 47.6 
HGSMF 15 LA VARAS,21.5054,-104.8736, 86.4 , 86.5 , 38.4 , 49.7 , 12.0 , 64.7 , 35.3 , 54.8 
HGSMF 16 OMEALCA,18.7405,-96.7715, 74.7 , 74.6 , 46.2 , 50.7 , 3.1 , 69.3 , 30.7 , 55.3 
HGSMF 19 CD.ALTAMIRANO,.,., 80.9 , 79.3 , 80.6 , 17.6 , 1.8 , 73.7 , 26.3 , 44.4 
HGSMF 19 HUIXTLA,15.1434,-92.4588, 90.1 , 87.7 , 48.2 , 21.3 , 30.5 , 52.9 , 47.1 , 50.2 
HGSMF 2 EL SALTO,25.2935,-103.9984, 89.6 , 85.9 , 66.6 , 33.4 , -   , 47.0 , 53.0 , 48.3 
HGSMF 23 NACOZARI,22.2384,-97.8740, 93.9 , 93.9 , 67.7 , 29.3 , 3.1 , 70.3 , 29.7 , 52.8 
HGSMF 26 CABO SAN LUCAS,.,., 79.5 , 76.9 , 48.7 , 36.1 , 15.2 , 69.2 , 30.8 , 38.2 
HGSMF 26 TUXPAN,20.9551,-97.3916, 74.1 , 82.7 , 58.3 , 29.6 , 12.1 , 67.2 , 32.8 , 53.0 
HGSMF 28 CASIMIRO CAST,19.6037,-104.4392, 90.4 , 93.9 , 96.5 , 3.5 , -   , 67.4 , 32.6 , 50.0 
HGSMF 3 CHILPANCINGO,16.8541,-99.8569, 70.2 , 72.9 , 55.7 , 38.2 , 6.1 , 75.6 , 24.4 , 48.0 
HGSMF 30 GUAMUCHIL,25.4587,-108.0777, 94.6 , 92.1 , 66.8 , 28.2 , 5.0 , 61.5 , 38.5 , 55.3 
HGSMF 4 EL NARANJO,.,., 93.2 , 93.2 , 92.9 , -   , 7.1 , 59.6 , 40.4 , 51.9 
HGSMF 4 NAVOLATO,24.7656,-107.7019, 95.9 , 93.6 , 75.8 , 24.2 , -   , 67.1 , 32.9 , 55.5 
HGSMF 4 TECOMAN,18.9137,-103.8771, 88.0 , 89.7 , 76.5 , 15.6 , 7.9 , 72.7 , 27.3 , 46.2 
HGSMF 46 UMAN,.,., 74.1 , 79.6 , 54.9 , 42.0 , 3.1 , 70.7 , 29.3 , 47.2 
HGSMF 5 TIZIMIN,.,., 88.3 , 88.3 , 42.8 , 57.2 , -   , 69.4 , 30.6 , 53.6 
HGSMF 6 ACAPONETA,22.4964,-105.3594, 96.4 , 94.0 , 63.0 , 32.7 , 4.2 , 66.9 , 33.1 , 52.6 
HGSMF 6 PARRAS,.,., 57.5 , 63.4 , 49.4 , 40.3 , 10.3 , 71.5 , 28.5 , 45.7 
HGSMF 8 TLAXCALA,19.3257,-98.2291, 82.2 , 83.4 , 62.6 , 24.3 , 13.0 , 65.1 , 34.9 , 49.1 
HGSMF 9 RIO VERDE,21.7743,-99.9131, 74.4 , 71.0 , 52.8 , 36.8 , 10.4 , 68.0 , 32.0 , 48.2 
HGZMF 1 CAMPECHE,19.8338,-90.5465, 74.0 , 73.4 , 44.9 , 45.6 , 9.5 , 64.6 , 35.4 , 53.7 
HGZMF 1 DURANGO,24.0256,-104.6693, 75.1 , 71.4 , 50.0 , 40.2 , 9.8 , 68.4 , 31.6 , 47.3 
HGZMF 1 LA PAZ,24.1489,-110.3322, 87.5 , 89.7 , 57.9 , 35.5 , 6.5 , 62.5 , 37.5 , 48.4 
HGZMF 1 PACHUCA,20.1114,-98.7641, 76.4 , 77.4 , 69.0 , 11.7 , 19.3 , 70.6 , 29.4 , 47.2 
HGZMF 1 TAPACHULA,14.9112,-92.2609, 75.2 , 83.7 , 40.2 , 51.0 , 8.9 , 74.2 , 25.8 , 46.7 
HGZMF 10 S. IXCUINTLA,21.8156,-105.2001, 88.5 , 90.2 , 49.4 , 31.7 , 18.8 , 65.3 , 34.7 , 57.8 
HGZMF 12 LAZARO CARDENAS,17.9542,-102.1925, 82.0 , 89.4 , 58.3 , 27.5 , 14.1 , 48.9 , 51.1 , 48.3 
HGZMF 16 C. CUAUHTEMOC,17.0665,-96.7022, 78.1 , 81.3 , 52.9 , 37.0 , 10.1 , 77.3 , 22.7 , 45.4 
HGZMF 18 TORREON,25.5357,-103.4495, 89.6 , 89.7 , 59.9 , 33.1 , 7.0 , 68.1 , 31.9 , 53.9 
HGZMF 2 IRAPUATO,20.6647,-101.3715, 76.9 , 78.7 , 60.2 , 20.6 , 19.2 , 77.3 , 22.7 , 43.4 
HGZMF 2 MONTERREY,25.6854,-100.2578, 86.0 , 88.7 , 70.5 , 29.5 , -   , 69.6 , 30.4 , 52.1 
HGZMF 2 SALINA CRUZ,16.2133,-95.2059, 79.0 , 82.3 , 64.2 , 23.5 , 12.4 , 55.0 , 45.0 , 48.2 
HGZMF 2 SAN LUIS POTOSI,22.1721,-100.9916, 84.2 , 86.1 , 69.5 , 24.3 , 6.2 , 73.2 , 26.8 , 51.4 
HGZMF 21 LEON,21.1098,-101.6901, 77.5 , 80.9 , 61.1 , 23.3 , 15.7 , 61.8 , 38.2 , 46.3 
HGZMF 23 HIDALGO PARRAL,25.5690,-103.4991, 96.1 , 96.1 , 72.2 , 18.4 , 9.4 , 60.9 , 39.1 , 57.0 
HGZMF 24 NUEVA ROSITA,27.9348,-101.2141, 69.0 , 82.8 , 71.9 , 16.9 , 11.2 , 61.6 , 38.4 , 53.9 
HGZMF 3 MAZATLAN,23.2244,-106.4201, 82.0 , 87.8 , 67.3 , 19.1 , 13.6 , 57.1 , 42.9 , 51.3 
HGZMF 32 GUASAVE,25.5736,-108.4637, 93.2 , 93.1 , 75.4 , 21.6 , 3.0 , 63.2 , 36.8 , 54.1 
HGZMF 32 MINATITLAN,17.9868,-94.5478, 83.2 , 87.6 , 63.7 , 26.9 , 9.4 , 70.1 , 29.9 , 50.1 
HGZMF 4 CD. CARMEN,18.2667,-91.8000, 78.3 , 68.4 , 37.2 , 49.0 , 13.8 , 45.7 , 54.3 , 55.8 
HGZMF 4 IGUALA,18.3448,-99.5397, 85.9 , 89.2 , 55.8 , 40.7 , 3.5 , 66.5 , 33.5 , 45.8 
HGZMF 5 NOGALES,31.3086,-110.9435, 76.4 , 74.5 , 56.7 , 39.3 , 4.0 , 79.3 , 20.7 , 53.1 
HGZMF 5 ZACATEPEC,17.0838,-96.6959, 82.1 , 85.1 , 64.7 , 24.3 , 11.0 , 58.0 , 42.0 , 52.1 
HGZMF 50 LERDO TEJADA,18.6419,-95.5343, 86.7 , 86.7 , 27.1 , 62.4 , 10.5 , 78.0 , 22.0 , 57.5 
HGZMF 6 S.NICOLAS GARZA,25.7511,-100.2995, 83.4 , 87.3 , 67.0 , 25.4 , 7.6 , 56.6 , 43.4 , 48.7 
HGZMF 7 CUAUTLA,19.3227,-103.7526, 78.5 , 71.1 , 32.5 , 37.0 , 30.6 , 65.9 , 34.1 , 55.0 
HGZMF 7 MONCLOVA,26.9147,-101.4278, 81.0 , 86.5 , 58.7 , 27.1 , 14.1 , 75.2 , 24.8 , 50.6 
HGZMF 76 XALOSTOC,.,., 76.8 , 73.0 , 31.8 , 49.0 , 19.2 , 65.6 , 34.4 , 49.6 
HGZMF 8 CD. SAHAGUN,19.7790,-98.5532, 68.2 , 68.2 , 49.2 , 26.7 , 24.1 , 65.6 , 34.4 , 49.7 
HGZMF 8 SAN ANGEL,19.3372,-99.1973, 61.1 , 68.1 , 56.9 , 28.9 , 14.2 , 87.6 , 12.4 , 48.0 
HGZMF26 CONDESA,.,., 79.4 , 93.8 , 68.5 , 29.1 , 2.3 , 59.9 , 40.1 , 51.9 
UMF 1 OAXACA,17.0700,-96.7210, 73.5 , 79.9 , 53.6 , 33.4 , 13.0 , 64.0 , 36.0 , 49.1 
UMF 1 OBREGON,27.4939,-109.9319, 77.2 , 83.9 , 68.3 , 25.0 , 6.7 , 65.6 , 34.4 , 54.0 
UMF 1 ORIZABA,18.8451,-97.1122, 81.7 , 82.8 , 48.5 , 45.2 , 6.3 , 67.2 , 32.8 , 55.9 
UMF 1 PUEBLA,19.0404,-98.2031, 67.5 , 79.8 , 68.7 , 20.9 , 10.5 , 58.7 , 41.3 , 54.3 
UMF 1 Zacatecas,22.7646,-102.5559, 83.1 , 88.2 , 53.9 , 35.1 , 11.1 , 68.6 , 31.4 , 50.0 
UMF 10 C/UMAA 1 AGS,.,., 85.5 , 90.4 , 76.9 , 19.7 , 3.4 , 61.3 , 38.7 , 45.8 
UMF 10 CUITLAHUAC,18.8111,-96.7236, 87.5 , 81.0 , 50.0 , 39.2 , 10.8 , 64.0 , 36.0 , 50.0 
UMF 10 GOMEZ PALACIO,21.1375,-101.6839, 89.0 , 89.3 , 59.9 , 34.3 , 5.8 , 62.9 , 37.1 , 51.2 
UMF 10 JALAPA,19.5595,-96.9284, 90.4 , 98.0 , 69.1 , 26.6 , 4.3 , 62.5 , 37.5 , 59.8 
UMF 10 JALPA,21.6448,-102.9771, 78.7 , 81.5 , 25.8 , 58.7 , 15.5 , 65.7 , 34.3 , 43.1 
UMF 10 MATEHUALA,23.6506,-100.6413, 63.4 , 67.8 , 47.9 , 45.0 , 7.1 , 65.8 , 34.2 , 40.8 
UMF 10 S. GREGORIO,20.6026,-100.4045, 89.0 , 87.4 , 78.1 , 19.8 , 2.1 , 72.3 , 27.7 , 46.6 
UMF 10 VILLA ANGEEL,23.2440,-106.4147, 92.0 , 92.0 , 62.2 , 34.2 , 3.6 , 69.3 , 30.7 , 52.0 
UMF 11 COMALCALCO,18.2473,-93.2211, 63.0 , 67.6 , 41.8 , 48.4 , 9.7 , 59.5 , 40.5 , 43.5 
UMF 11 TAPACHULA,14.9112,-92.2609, 72.6 , 69.5 , 48.8 , 35.8 , 15.4 , 75.3 , 24.7 , 46.5 
UMF 114 GOMEZ FARIAS,20.5750,-103.3661, 96.8 , 97.4 , 85.4 , 11.8 , 2.8 , 61.3 , 38.7 , 42.7 
UMF 12 ALLENDE,18.4525,-97.4166, 81.0 , 80.8 , 44.6 , 43.6 , 11.8 , 66.9 , 33.1 , 48.3 
UMF 12 CD. DEL CARMEN,.,., 72.8 , 68.7 , 39.5 , 45.3 , 15.2 , 59.8 , 40.2 , 41.0 
UMF 12 S.MARCOS,16.7950,-99.3884, 92.7 , 92.7 , 67.5 , 32.5 , -   , 57.6 , 42.4 , 44.9 
UMF 13 CAMPECHE,19.8339,-90.4996, 74.1 , 76.4 , 49.4 , 38.5 , 12.1 , 65.8 , 34.2 , 45.0 
UMF 13 CANCUN NORTE,21.1857,-86.8093, 76.4 , 77.6 , 50.4 , 31.7 , 17.9 , 74.3 , 25.7 , 44.8 
UMF 13 MIACATLAN,22.4086,-99.6176, 89.6 , 93.0 , 78.1 , 18.5 , 3.4 , 68.5 , 31.5 , 51.1 
UMF 13 PUEBLA,18.9880,-98.2480, 65.9 , 60.3 , 40.0 , 16.7 , 43.3 , 67.6 , 32.4 , 47.2 
UMF 13 QUERETARO,20.6119,-100.4334, 70.5 , 72.2 , 63.8 , 28.6 , 7.6 , 76.6 , 23.4 , 45.4 
UMF 13 SAN BLAS,21.5426,-105.2764, 89.4 , 88.8 , 47.8 , 52.2 , -   , 76.6 , 23.4 , 46.3 
UMF 13 TUXTLA GUTIERREZ,16.7553,-93.0888, 61.3 , 64.4 , 42.8 , 46.3 , 10.9 , 71.8 , 28.2 , 44.1 
UMF 133 UNION,.,., 93.1 , 93.1 , 82.5 , 7.1 , 10.4 , 75.9 , 24.1 , 44.5 
UMF 14 AEROPUERTO,19.4171,-99.0976, 74.2 , 81.1 , 46.1 , 44.8 , 9.1 , 69.6 , 30.4 , 55.2 
UMF 14 CANCUN SUR,21.1397,-86.8919, 65.8 , 68.6 , 42.5 , 43.2 , 14.3 , 68.3 , 31.7 , 43.7 
UMF 14 I. PUJILTIC,19.4840,-70.6932, 64.4 , 78.7 , 52.6 , 16.5 , 31.0 , 39.8 , 60.2 , 50.3 
UMF 14 PUEBLO NUEVO,19.0413,-98.2062, 73.5 , 69.4 , 58.8 , 18.3 , 22.9 , 72.4 , 27.6 , 43.6 
UMF 14 SILAO,20.9447,-101.4169, 83.1 , 89.6 , 59.9 , 33.4 , 6.7 , 80.2 , 19.8 , 39.3 
UMF 140 LA TEJA,19.3047,-99.2478, 88.2 , 91.9 , 52.2 , 22.7 , 25.1 , 71.1 , 28.9 , 53.3 
UMF 15 APAN,19.7081,-98.4472, 73.8 , 74.3 , 66.3 , 11.8 , 21.9 , 57.1 , 42.9 , 51.4 
UMF 15 CANCUN,21.1537,-86.8422, 81.9 , 81.5 , 56.0 , 29.8 , 14.3 , 65.3 , 34.7 , 44.7 
UMF 15 ETCHOJOA,26.9022,-109.6215, 92.9 , 96.3 , 73.4 , 22.8 , 3.8 , 77.1 , 22.9 , 54.6 
UMF 15 MONTERREY,25.7031,-100.2488, 85.8 , 85.2 , 54.4 , 35.8 , 9.8 , 70.1 , 29.9 , 48.7 
UMF 15 QUERETARO,20.6230,-100.4116, 78.6 , 83.1 , 68.7 , 19.7 , 11.6 , 74.3 , 25.7 , 42.6 
UMF 16 ACTOPAN,20.2644,-98.9458, 91.4 , 93.0 , 94.6 , 3.9 , 1.5 , 65.2 , 34.8 , 44.3 
UMF 16 CANCUN,21.1401,-86.8604, 80.3 , 78.5 , 49.3 , 40.5 , 10.2 , 72.1 , 27.9 , 45.9 
UMF 16 COLIMA,19.2452,-103.7335, 87.2 , 89.0 , 69.9 , 22.1 , 8.0 , 67.1 , 32.9 , 49.8 
UMF 16 LA PEÑITA,.,., 79.3 , 81.9 , 72.6 , 24.2 , 3.2 , 62.1 , 37.9 , 45.2 
UMF 169 OCOTLAN,20.3475,-102.7704, 96.6 , 96.6 , 84.2 , 9.2 , 6.7 , 76.5 , 23.5 , 43.4 
UMF 17 LEGARIA,19.4513,-99.2015, 65.9 , 71.3 , 54.8 , 34.2 , 11.0 , 62.0 , 38.0 , 50.9 
UMF 171 ZAPOPAN,20.6672,-103.3923, 80.4 , 87.5 , 75.3 , 18.3 , 6.4 , 78.8 , 21.2 , 53.7 
UMF 178 GUADALUPE,20.6397,-103.3118, 76.5 , 79.9 , 73.1 , 6.1 , 20.8 , 60.4 , 39.6 , 46.4 
UMF 18 COLIMA,19.2421,-103.7485, 92.0 , 94.7 , 81.6 , 11.0 , 7.4 , 70.6 , 29.4 , 43.7 
UMF 18 COMITAN,16.2481,-92.1331, 58.7 , 59.1 , 30.8 , 36.6 , 32.6 , 74.9 , 25.1 , 44.6 
UMF 18 E. ZAPATA,.,., 68.8 , 69.1 , 43.8 , 45.3 , 10.8 , 76.0 , 24.0 , 54.7 
UMF 18 TEAPA,17.5550,-92.9479, 67.7 , 67.6 , 46.8 , 28.6 , 24.6 , 61.6 , 38.4 , 43.1 
UMF 184 INFONAVIT SUR,.,., 46.9 , 50.9 , 51.3 , 25.0 , 23.7 , 68.4 , 31.6 , 44.3 
UMF 19 APIZACO,19.4130,-98.1392, 77.9 , 78.9 , 59.9 , 23.1 , 17.0 , 61.8 , 38.2 , 47.2 
UMF 19 BANDERILLA,19.5914,-96.9476, 89.9 , 83.5 , 64.3 , 20.4 , 15.3 , 74.8 , 25.2 , 45.6 
UMF 19 COLIMA,19.2452,-103.7335, 88.1 , 91.0 , 80.8 , 15.4 , 3.8 , 65.9 , 34.1 , 48.2 
UMF 19 COYOACAN,19.3478,-99.1646, 81.4 , 83.6 , 69.7 , 28.4 , 1.9 , 68.2 , 31.8 , 49.1 
UMF 190 HUIXQUILUCAN,19.4003,-99.3267, 73.0 , 70.0 , 62.4 , 23.3 , 14.3 , 69.4 , 30.6 , 50.0 
UMF 193 CHALCO,9.9208,-67.3502, 61.9 , 71.4 , 49.5 , 30.4 , 20.1 , 52.3 , 47.7 , 43.5 
UMF 195 CHALCO,19.2772,-98.8911, 81.6 , 84.6 , 52.2 , 45.3 , 2.5 , 58.3 , 41.7 , 46.7 
UMF 2 HERMOSILLO,29.1023,-110.9835, 82.8 , 89.1 , 56.8 , 36.8 , 6.4 , 73.3 , 26.7 , 55.7 
UMF 2 PUEBLA,19.0571,-98.3056, 73.6 , 75.0 , 58.0 , 26.1 , 16.0 , 61.0 , 39.0 , 46.9 
UMF 2 STA.MARIA,19.4456,-99.1599, 76.4 , 80.1 , 50.1 , 43.1 , 6.8 , 74.7 , 25.3 , 51.0 
UMF 20 CUERNAVACA,19.3240,-103.7588, 82.7 , 80.7 , 61.6 , 27.0 , 11.4 , 68.2 , 31.8 , 54.9 
UMF 20 VALLEJO,19.4870,-99.1509, 55.4 , 64.8 , 44.3 , 28.1 , 27.6 , 82.3 , 17.7 , 49.2 
UMF 21 FCO. DEL PASO,19.4135,-99.1129, 74.5 , 75.2 , 57.8 , 26.6 , 15.6 , 78.3 , 21.7 , 57.7 
UMF 21 PARAISO,18.4006,-93.2127, 68.1 , 65.1 , 47.0 , 28.5 , 24.5 , 57.2 , 42.8 , 37.5 
UMF 22 ABASOLO,20.4500,-101.5170, 63.7 , 59.2 , 51.8 , 26.4 , 21.9 , 56.4 , 43.6 , 38.8 
UMF 22 TEZIUTLAN,.,., 88.4 , 84.8 , 69.5 , 14.9 , 15.6 , 62.3 , 37.7 , 47.3 
UMF 220 TOLUCA,19.2861,-99.5698, 74.9 , 74.7 , 57.8 , 28.1 , 14.0 , 76.6 , 23.4 , 46.9 
UMF 222 TOLUCA,19.2883,-99.6472, 71.9 , 69.3 , 56.7 , 30.4 , 12.9 , 71.9 , 28.1 , 49.1 
UMF 223 LERMA,19.8061,-90.6011, 73.2 , 76.7 , 49.4 , 37.8 , 12.9 , 67.4 , 32.6 , 48.9 
UMF 224 ZINACATEPEC,19.4749,-97.6857, 73.5 , 72.7 , 61.4 , 28.0 , 10.6 , 71.6 , 28.4 , 47.2 
UMF 23 S. RAFAEL,.,., 93.6 , 86.2 , 74.5 , 22.1 , 3.4 , 76.3 , 23.7 , 51.5 
UMF 23 TUXTLA GUTIERREZ,16.7686,-93.0998, 75.6 , 76.3 , 42.8 , 39.5 , 17.8 , 60.9 , 39.1 , 46.3 
UMF 235 ATLACOMULCO,19.1958,-100.1343, 61.9 , 61.9 , 32.7 , 60.1 , 7.2 , 34.2 , 65.8 , 47.1 
UMF 24 MANTE,.,., 87.7 , 85.8 , 48.1 , 39.9 , 12.0 , 73.6 , 26.4 , 49.5 
UMF 24 SANTA ANA,20.6199,-100.4255, 71.3 , 74.3 , 48.1 , 25.2 , 26.6 , 60.0 , 40.0 , 52.3 
UMF 24 TEPIC,21.4906,-104.8823, 82.1 , 87.4 , 58.9 , 33.2 , 8.0 , 69.0 , 31.0 , 48.2 
UMF 248 SN MATEO ATENCO,19.5904,-98.8959, 65.5 , 74.9 , 65.3 , 28.6 , 6.1 , 77.9 , 22.1 , 41.3 
UMF 249 SANTIAGO TLAXOMUL,.,., 74.3 , 66.7 , 65.4 , 15.4 , 19.2 , 64.0 , 36.0 , 44.5 
UMF 25 E. GONZALEZ,26.0613,-98.3000, 73.3 , 73.1 , 50.8 , 43.0 , 6.2 , 49.4 , 50.6 , 48.1 
UMF 25 MINERAL MONTE,20.1491,-98.6751, 73.4 , 80.5 , 50.5 , 25.1 , 24.4 , 65.4 , 34.6 , 52.2 
UMF 25 OMETEPEC,16.6899,-98.4032, 92.0 , 89.9 , 77.2 , 16.0 , 6.8 , 60.0 , 40.0 , 38.3 
UMF 25 TEPIC,21.5011,-104.8988, 85.8 , 86.1 , 62.4 , 28.8 , 8.8 , 71.3 , 28.7 , 51.7 
UMF 26 ACAPULCO,16.8638,-99.8816, 78.8 , 79.3 , 68.3 , 19.4 , 12.3 , 66.9 , 33.1 , 46.6 
UMF 26 AGUJITA,27.9252,-101.2982, 82.8 , 90.0 , 75.1 , 21.9 , 3.0 , 57.0 , 43.0 , 49.9 
UMF 26 JALPA MENDEZ,18.1764,-93.0573, 54.0 , 56.8 , 40.6 , 47.1 , 12.3 , 59.5 , 40.5 , 40.5 
UMF 26 MONTERREY,25.6732,-100.3092, 80.5 , 81.3 , 58.8 , 33.9 , 7.3 , 64.7 , 35.3 , 52.9 
UMF 27 SAN JOSÉ DEL VALLE,.,., 82.5 , 89.7 , 45.4 , 46.9 , 7.7 , 68.7 , 31.3 , 45.4 
UMF 27 TIJUANA,32.5393,-117.0625, 82.1 , 79.4 , 66.4 , 23.4 , 10.2 , 67.2 , 32.8 , 42.5 
UMF 28 DEL VALLE,19.3856,-99.1645, 77.9 , 83.8 , 64.8 , 27.6 , 7.6 , 72.5 , 27.5 , 59.3 
UMF 28 LORETO,22.2667,-101.9833, 62.9 , 46.4 , 21.4 , 50.7 , 27.8 , 69.0 , 31.0 , 38.9 
UMF 28 MEXICALI,32.6390,-115.4266, 84.4 , 87.1 , 59.2 , 32.1 , 8.8 , 55.1 , 44.9 , 55.0 
UMF 28 VILLA LLERA,23.0068,-99.0800, 67.6 , 66.2 , 36.2 , 56.9 , 6.9 , 58.6 , 41.4 , 43.2 
UMF 29 BARIO SOLEDAD,16.8013,-95.1115, 70.7 , 67.6 , 53.2 , 37.4 , 9.4 , 76.7 , 23.3 , 45.4 
UMF 29 CHIHUAHUA,25.5365,-103.4248, 72.0 , 83.2 , 53.7 , 22.3 , 24.0 , 69.6 , 30.4 , 53.6 
UMF 29 GOMEZ PALACIO,25.5840,-103.5123, 96.8 , 96.8 , 82.6 , 17.4 , -   , 61.1 , 38.9 , 56.7 
UMF 3 CD. VALLES,21.9581,-98.9925, 79.3 , 84.8 , 66.5 , 27.3 , 6.2 , 69.5 , 30.5 , 50.1 
UMF 3 GUADALAJARA,20.6744,-103.3208, 67.0 , 86.2 , 73.2 , 14.5 , 12.4 , 60.7 , 39.3 , 51.7 
UMF 3 GUADALUPE,22.7445,-102.5127, 59.8 , 64.5 , 29.6 , 39.3 , 31.1 , 69.6 , 30.4 , 45.0 
UMF 3 JIUTEPEC,18.8381,-98.9431, 78.4 , 78.8 , 52.2 , 34.7 , 13.0 , 57.3 , 42.7 , 50.5 
UMF 3 PABELLON ARTEAGA,24.7958,-107.3659, 97.1 , 95.2 , 91.1 , 7.0 , 1.9 , 70.8 , 29.2 , 40.9 
UMF 3 SAN FELIPE,.,., 68.7 , 81.1 , 68.7 , 14.8 , 16.5 , 68.0 , 32.0 , 48.2 
UMF 3 TACOTALPA,17.5970,-92.8266, 96.2 , 93.3 , 48.2 , 47.5 , 4.2 , 53.5 , 46.5 , 47.0 
UMF 30 TEHUACAN,18.4556,-97.4118, 72.2 , 72.2 , 55.0 , 4.3 , 40.6 , 79.3 , 20.7 , 45.2 
UMF 31 IXTAPALAPA,19.3558,-99.1029, 55.4 , 56.2 , 54.8 , 34.1 , 11.1 , 56.3 , 43.7 , 48.3 
UMF 32 CUERAMARO,20.6274,-101.6815, 68.1 , 56.3 , 26.0 , 30.5 , 43.5 , 63.0 , 37.0 , 44.2 
UMF 32 V.GUADALUPE,25.6841,-100.2510, 83.6 , 85.1 , 59.2 , 26.4 , 14.3 , 44.7 , 55.3 , 47.4 
UMF 33 CD. REYNOSA,26.0791,-98.3086, 81.3 , 81.0 , 53.3 , 40.3 , 6.4 , 65.1 , 34.9 , 47.7 
UMF 33 PEDRO POCHUTLA,15.7489,-96.4673, 72.3 , 75.6 , 62.8 , 33.3 , 4.0 , 62.2 , 37.8 , 41.6 
UMF 33 ROSARIO,19.5102,-99.2103, 56.4 , 57.6 , 43.1 , 39.3 , 17.6 , 67.6 , 32.4 , 53.1 
UMF 33 TIJUANA,32.5359,-117.0178, 81.6 , 79.2 , 52.8 , 32.8 , 14.5 , 72.8 , 27.2 , 47.6 
UMF 34 C.PANTITLAN,19.4117,-99.0740, 77.5 , 76.4 , 71.8 , 20.7 , 7.5 , 70.6 , 29.4 , 45.3 
UMF 34 GUADALAJARA,20.6413,-103.3742, 82.4 , 86.1 , 76.8 , 14.5 , 8.7 , 52.3 , 47.7 , 44.8 
UMF 34 JUAN DIAZ,18.1620,-95.1910, 76.2 , 90.5 , 58.0 , 35.1 , 7.0 , 69.4 , 30.6 , 54.1 
UMF 34 LA PAZ C/UMAA,.,., 83.3 , 85.6 , 45.6 , 51.1 , 3.3 , 67.2 , 32.8 , 50.1 
UMF 34 TULANCINGO,.,., 73.2 , 79.4 , 53.7 , 25.5 , 20.8 , 70.0 , 30.0 , 50.7 
UMF 35 CULIACAN,24.7966,-107.3883, 84.0 , 79.0 , 72.2 , 20.8 , 7.0 , 69.8 , 30.2 , 52.8 
UMF 35 GUERRERO NEGRO,26.8917,-111.9808, 97.6 , 95.1 , 65.4 , 34.6 , -   , 57.3 , 42.7 , 50.4 
UMF 35 MONTERREY,25.6732,-100.3092, 80.5 , 77.5 , 55.6 , 27.8 , 16.6 , 51.8 , 48.2 , 55.7 
UMF 37 CALPULALPAN,19.5865,-98.5764, 75.4 , 82.4 , 59.9 , 16.7 , 23.4 , 68.0 , 32.0 , 50.8 
UMF 37 HERMOSILLO,29.0757,-110.9573, 82.9 , 89.2 , 75.4 , 24.6 , -   , 58.5 , 41.5 , 56.6 
UMF 37 LOS MOCHIS,25.7944,-108.9867, 85.1 , 90.6 , 71.4 , 22.2 , 6.4 , 81.6 , 18.4 , 54.8 
UMF 37 MONTERREY,25.6994,-100.3414, 81.5 , 81.5 , 69.2 , 23.0 , 7.8 , 48.7 , 51.3 , 56.1 
UMF 37 PALMAR,32.6245,-115.4523, 91.9 , 94.8 , 75.7 , 20.8 , 3.5 , 66.3 , 33.7 , 46.7 
UMF 37 TAMAZUNCHALE,21.2556,-98.7832, 96.2 , 96.2 , 87.3 , 8.6 , 4.1 , 59.4 , 40.6 , 40.7 
UMF 38 GUERRERO,19.8478,-90.5197, 82.5 , 89.0 , 61.4 , 35.2 , 3.5 , 56.1 , 43.9 , 48.9 
UMF 38 TAMPICO,22.2945,-97.8534, 81.2 , 81.2 , 66.7 , 22.3 , 11.0 , 52.0 , 48.0 , 51.2 
UMF 39 C/UMAA/REHAB,.,., 72.8 , 75.2 , 74.2 , 14.1 , 11.7 , 72.2 , 27.8 , 43.2 
UMF 39 MONTERREY,25.7404,-100.3809, 76.6 , 67.0 , 41.8 , 54.9 , 3.3 , 78.6 , 21.4 , 42.0 
UMF 39 TABASCO,21.8648,-102.9133, 90.4 , 87.4 , 61.8 , 38.2 , -   , 68.8 , 31.2 , 52.5 
UMF 39 TECATE,32.5724,-116.6434, 86.8 , 90.6 , 67.8 , 28.2 , 4.0 , 71.5 , 28.5 , 44.6 
UMF 39 VILLAHERMOSA,.,., 72.9 , 74.0 , 56.4 , 25.2 , 18.4 , 71.8 , 28.2 , 41.6 
UMF 4 AVALOS,.,., 80.2 , 55.8 , 46.6 , 43.0 , 10.3 , 65.4 , 34.6 , 43.2 
UMF 4 DOCTORES,19.4192,-99.1504, 74.8 , 79.9 , 36.8 , 57.8 , 5.4 , 68.6 , 31.4 , 55.3 
UMF 4 GUADALUPE,22.7445,-102.5127, 83.2 , 84.3 , 55.8 , 24.2 , 19.9 , 63.2 , 36.8 , 45.6 
UMF 40 AZCAPOTZALCO,19.4951,-99.1810, 80.1 , 80.1 , 60.7 , 28.1 , 11.2 , 70.4 , 29.6 , 49.5 
UMF 40 C. REFORMA,17.8477,-93.1618, 59.6 , 63.2 , 36.4 , 29.9 , 33.7 , 50.2 , 49.8 , 39.2 
UMF 40 MANLIO F.,19.0941,-96.3326, 70.5 , 80.3 , 53.3 , 32.5 , 14.2 , 72.6 , 27.4 , 46.8 
UMF 40 VILLAGRAN,20.5146,-100.9977, 82.6 , 85.4 , 70.5 , 15.9 , 13.5 , 72.7 , 27.3 , 44.2 
UMF 40 VILLAS DEL REY,.,., 93.3 , 93.3 , 70.0 , 23.2 , 6.8 , 58.8 , 41.2 , 46.8 
UMF 41 FORTUNA,19.4914,-99.1709, 65.5 , 68.8 , 59.2 , 30.4 , 10.4 , 68.8 , 31.2 , 49.3 
UMF 41 MAL PASO,17.1360,-93.3107, 70.9 , 71.1 , 63.3 , 18.3 , 18.4 , 28.5 , 71.5 , 52.5 
UMF 42 TEPEACA,18.9656,-97.9042, 72.3 , 76.4 , 72.2 , 23.2 , 4.6 , 67.5 , 32.5 , 47.6 
UMF 43 ALTOTONGA,20.1879,-96.8700, 65.0 , 66.6 , 53.0 , 21.3 , 25.7 , 60.9 , 39.1 , 42.8 
UMF 43 ESCOBEDO,25.7866,-100.3325, 75.4 , 71.5 , 35.5 , 47.9 , 16.5 , 68.6 , 31.4 , 43.8 
UMF 43 GOMEZ PALACIO,.,., 85.8 , 85.6 , 52.8 , 45.4 , 1.8 , 76.3 , 23.7 , 44.2 
UMF 43 VILLAHERMOSA,17.9759,-92.9351, 87.9 , 87.1 , 65.9 , 27.6 , 6.5 , 60.6 , 39.4 , 47.3 
UMF 44 DURANGO,24.0342,-104.6459, 87.6 , 90.1 , 55.9 , 40.5 , 3.6 , 68.0 , 32.0 , 47.5 
UMF 45 CARDENAS,17.9911,-93.3790, 82.7 , 82.6 , 68.6 , 26.0 , 5.3 , 71.6 , 28.4 , 47.9 
UMF 45 PALENQUE,-34.7391,-58.2827, 79.3 , 79.3 , 59.7 , 29.9 , 10.4 , 67.1 , 32.9 , 37.8 
UMF 45 SAN LUIS POTOSI,22.1398,-101.0050, 87.1 , 82.7 , 54.9 , 37.6 , 7.5 , 67.6 , 32.4 , 50.2 
UMF 46 CD.JUAREZ,.,., 93.6 , 95.6 , 90.5 , 9.5 , -   , 73.2 , 26.8 , 48.1 
UMF 46 SORIANO,19.3241,-99.1384, 64.3 , 73.1 , 39.6 , 32.9 , 27.4 , 67.4 , 32.6 , 51.6 
UMF 47 CD.JUAREZ,.,., 78.5 , 82.0 , 68.9 , 22.2 , 8.9 , 72.4 , 27.6 , 46.4 
UMF 47 LEON,21.1366,-101.6630, 91.3 , 85.9 , 69.6 , 23.3 , 7.1 , 73.3 , 26.7 , 45.2 
UMF 47 SAN LUIS POTOSI,22.1535,-100.9656, 72.5 , 75.1 , 54.0 , 35.3 , 10.7 , 66.2 , 33.8 , 49.1 
UMF 47 VILLAHERMOSA,.,., 83.5 , 85.6 , 53.5 , 38.1 , 8.4 , 60.6 , 39.4 , 44.0 
UMF 48 CD.JUAREZ,.,., 72.7 , 77.3 , 62.2 , 22.9 , 14.9 , 62.1 , 37.9 , 41.7 
UMF 48 GUADALAJARA,20.6896,-103.3020, 83.2 , 82.6 , 68.1 , 22.3 , 9.6 , 71.6 , 28.4 , 47.3 
UMF 48 TLAXCO,19.6141,-98.1311, 91.9 , 91.4 , 80.4 , 17.0 , 2.6 , 62.2 , 37.8 , 46.1 
UMF 49 CELAYA,20.5183,-100.8205, 75.8 , 74.2 , 54.0 , 38.3 , 7.8 , 66.0 , 34.0 , 43.5 
UMF 49 DURANGO,24.0277,-104.6532, 86.2 , 89.6 , 68.1 , 29.8 , 2.0 , 71.3 , 28.7 , 48.2 
UMF 49 EL ARBOLILLO,19.5206,-99.1658, 53.2 , 62.2 , 43.8 , 36.2 , 20.0 , 79.5 , 20.5 , 42.8 
UMF 5 C.ANAHUAC,19.5069,-99.0849, 73.1 , 72.4 , 54.0 , 22.8 , 23.1 , 70.6 , 29.4 , 50.8 
UMF 5 MONTERREY,25.6659,-100.2999, 82.1 , 84.2 , 57.7 , 37.5 , 4.8 , 70.4 , 29.6 , 54.9 
UMF 5 PUCTE RIO HONDO,.,., 80.2 , 78.0 , 47.1 , 35.8 , 17.1 , 69.9 , 30.1 , 49.6 
UMF 5 SOLEDAD GRACIANO,.,., 92.7 , 85.8 , 75.0 , 22.2 , 2.8 , 74.2 , 25.8 , 48.9 
UMF 5 STO. DOMINGO,.,., 73.9 , 88.7 , 49.4 , 41.5 , 9.1 , 74.2 , 25.8 , 53.9 
UMF 5 TOPOLOBAMPO,25.9119,-109.1735, 100.0 , 100.0 , 81.2 , 18.8 , -   , 55.1 , 44.9 , 56.6 
UMF 5 XICOTENCATL,22.9978,-98.9433, 88.1 , 88.1 , 70.5 , 26.0 , 3.5 , 52.8 , 47.2 , 47.3 
UMF 50 CUATOTOLAPAN,.,., 89.0 , 96.4 , 69.6 , 23.3 , 7.1 , 46.5 , 53.5 , 58.3 
UMF 50 DURANGO,24.0054,-104.6394, 83.4 , 86.2 , 66.0 , 26.0 , 8.0 , 62.1 , 37.9 , 48.0 
UMF 51 ACAYUCAN,17.9484,-94.9158, 81.3 , 87.0 , 34.0 , 61.0 , 5.0 , 71.2 , 28.8 , 48.7 
UMF 51 LEON,21.1659,-101.6774, 89.6 , 88.3 , 73.8 , 20.6 , 5.5 , 67.6 , 32.4 , 47.5 
UMF 52 CUAUTITLAN I.,.,., 74.6 , 78.0 , 68.7 , 21.7 , 9.6 , 70.9 , 29.1 , 49.2 
UMF 52 MERIDA,.,., 83.3 , 88.6 , 53.4 , 38.0 , 8.6 , 56.0 , 44.0 , 58.0 
UMF 53 GOMEZ P C/UMAA,.,., 93.6 , 93.6 , 77.9 , 19.5 , 2.5 , 71.9 , 28.1 , 49.1 
UMF 53 INF. BARRAN,24.8049,-107.3855, 85.7 , 100.0 , 64.2 , 35.8 , -   , 80.2 , 19.8 , 41.3 
UMF 54 TLAQUEPAQUE,18.1509,-94.4229, 76.0 , 74.0 , 77.7 , 14.9 , 7.4 , 71.7 , 28.3 , 44.0 
UMF 55 CULIACAN C/UMAA,.,., 94.6 , 94.6 , 80.7 , 16.7 , 2.6 , 65.0 , 35.0 , 54.0 
UMF 55 FRESNILLO,23.1709,-102.8622, 87.8 , 89.2 , 59.6 , 31.6 , 8.8 , 69.7 , 30.3 , 46.9 
UMF 55 GUADALAJARA,20.6670,-103.3650, 88.3 , 84.6 , 76.3 , 20.1 , 3.7 , 76.1 , 23.9 , 54.5 
UMF 55 PUEBLA,19.0446,-98.1471, 72.0 , 82.2 , 68.4 , 24.9 , 6.7 , 66.7 , 33.3 , 48.6 
UMF 56 LAS MANDARINAS,21.1084,-101.7152, 84.5 , 78.4 , 58.0 , 38.6 , 3.5 , 80.6 , 19.4 , 43.4 
UMF 57 COLON,20.7887,-100.0496, 76.1 , 86.3 , 87.3 , 4.1 , 8.7 , 67.7 , 32.3 , 44.8 
UMF 57 JALTIPAN,17.9604,-94.7063, 69.2 , 82.2 , 30.2 , 56.1 , 13.7 , 62.8 , 37.2 , 55.1 
UMF 57 LA CEIBA,.,., 69.3 , 74.1 , 47.2 , 43.8 , 9.0 , 69.0 , 31.0 , 56.8 
UMF 57 LA MARGARITA,19.0047,-98.2304, 57.5 , 60.5 , 49.1 , 24.4 , 26.5 , 72.7 , 27.3 , 51.0 
UMF 57 VERACRUZ,19.2135,-96.1752, 68.8 , 73.7 , 46.1 , 31.8 , 22.1 , 70.2 , 29.8 , 48.1 
UMF 58 CHIHUAHUA,.,., 75.5 , 95.4 , 67.5 , 22.9 , 9.6 , 65.8 , 34.2 , 45.8 
UMF 58 HUATUSCO,19.1477,-96.9578, 65.1 , 65.1 , 41.0 , 41.8 , 17.2 , 47.6 , 52.4 , 48.4 
UMF 58 LAS MARGARITAS,19.5085,-99.2603, 64.7 , 62.8 , 46.2 , 44.3 , 9.5 , 65.7 , 34.3 , 53.0 
UMF 58 MERIDA,.,., 81.0 , 83.6 , 50.1 , 42.2 , 7.7 , 68.8 , 31.2 , 55.0 
UMF 58 S.PEDRO GARZA,25.6744,-100.4291, 68.7 , 76.1 , 51.2 , 30.6 , 18.2 , 74.5 , 25.5 , 48.3 
UMF 59 MERIDA,.,., 77.8 , 86.8 , 56.5 , 34.9 , 8.6 , 68.5 , 31.5 , 54.8 
UMF 6 IXHUATLANCILLO,18.8922,-97.1476, 89.6 , 89.1 , 44.7 , 53.4 , 1.9 , 65.0 , 35.0 , 56.4 
UMF 6 JESUS MARIA,21.8974,-102.3156, 90.8 , 86.4 , 74.8 , 21.7 , 3.5 , 58.1 , 41.9 , 43.0 
UMF 6 JIQUILPAN,19.4102,-103.3962, 78.8 , 76.0 , 77.8 , 11.1 , 11.1 , 77.0 , 23.0 , 45.5 
UMF 6 JUCHITAN,16.4333,-95.0167, 81.1 , 78.4 , 63.8 , 26.6 , 9.6 , 62.8 , 37.2 , 49.3 
UMF 6 PANZACOLA,19.1513,-98.2154, 78.2 , 75.4 , 71.4 , 6.6 , 21.9 , 74.7 , 25.3 , 49.1 
UMF 6 RIO GRANDE,23.8309,-103.0359, 77.1 , 80.6 , 62.9 , 31.4 , 5.7 , 68.8 , 31.2 , 38.9 
UMF 6 SAN JOSE DEL CABO,23.0621,-109.6957, 90.8 , 88.6 , 76.7 , 19.1 , 4.1 , 50.4 , 49.6 , 43.8 
UMF 60 COATZACOALCOS,18.1336,-94.4681, 78.4 , 87.0 , 52.2 , 38.7 , 9.2 , 62.8 , 37.2 , 52.1 
UMF 60 NAVA,28.4212,-100.7639, 80.0 , 71.6 , 46.5 , 27.8 , 25.7 , 71.7 , 28.3 , 42.6 
UMF 60 PONIENTE,.,., 82.3 , 76.2 , 43.3 , 48.0 , 8.7 , 63.7 , 36.3 , 48.1 
UMF 61 CORDOBA,18.8936,-96.9297, 82.6 , 83.0 , 57.0 , 39.1 , 3.9 , 61.2 , 38.8 , 51.8 
UMF 61 NAUCALPAN,18.9516,-99.4970, 74.8 , 74.5 , 56.5 , 27.2 , 16.3 , 72.0 , 28.0 , 49.2 
UMF 61 NAVOJOA,27.0829,-109.4428, 75.9 , 88.1 , 59.3 , 36.8 , 3.9 , 59.4 , 40.6 , 54.8 
UMF 61 VERACRUZ,19.1708,-96.1338, 72.6 , 75.3 , 56.3 , 34.3 , 9.4 , 72.9 , 27.1 , 55.3 
UMF 62 CUAUTITLAN,19.2829,-99.1401, 61.2 , 69.1 , 49.7 , 28.1 , 22.1 , 68.9 , 31.1 , 41.9 
UMF 63 HERMOSILLO,29.1189,-110.9773, 86.0 , 85.5 , 69.2 , 15.1 , 15.6 , 73.1 , 26.9 , 49.7 
UMF 64 CD. JUAREZ,.,., 95.4 , 94.8 , 67.9 , 19.6 , 12.5 , 79.3 , 20.7 , 47.4 
UMF 64 STA. CATARINA,25.6763,-100.4740, 84.4 , 81.0 , 32.5 , 56.7 , 10.8 , 57.8 , 42.2 , 49.5 
UMF 64 TUXTEPEC,.,., 89.0 , 90.7 , 63.7 , 32.0 , 4.3 , 66.9 , 33.1 , 53.5 
UMF 65 HERMOSILLO,29.1099,-110.9998, 90.2 , 89.9 , 64.0 , 36.0 , -   , 51.1 , 48.9 , 56.1 
UMF 65 STA LUCIA DEL CAMI,17.0508,-96.6913, 91.7 , 89.0 , 68.6 , 28.3 , 3.1 , 71.8 , 28.2 , 52.2 
UMF 66 TORREON,25.5585,-103.4198, 80.8 , 81.7 , 73.5 , 15.7 , 10.8 , 66.5 , 33.5 , 49.0 
UMF 67 CD.VICTORIA C/REHA,.,., 83.2 , 82.4 , 64.1 , 24.8 , 11.1 , 64.2 , 35.8 , 41.8 
UMF 68 VERACRUZ,18.1527,-94.4034, 75.3 , 82.2 , 75.9 , 10.1 , 14.0 , 72.8 , 27.2 , 54.3 
UMF 68 VISTA HERMOSA,25.5402,-103.4396, 84.4 , 83.4 , 74.2 , 3.2 , 22.6 , 68.3 , 31.7 , 44.7 
UMF 69 ETZATLAN,20.7626,-104.0800, 96.5 , 100.0 , 93.4 , 6.6 , -   , 71.3 , 28.7 , 46.9 
UMF 7 CALZ. TLALPAN,19.2793,-99.1673, 60.8 , 57.2 , 43.9 , 30.9 , 25.2 , 69.0 , 31.0 , 49.0 
UMF 7 NUEVO IDEAL,24.8875,-105.0728, 82.9 , 86.2 , 21.8 , 74.8 , 3.4 , 64.6 , 35.4 , 55.5 
UMF 7 S.JUAN DEL RIO,22.1438,-101.0105, 67.5 , 73.2 , 48.6 , 36.2 , 15.1 , 69.5 , 30.5 , 42.9 
UMF 7 S.PEDRO G. C/UMAA,.,., 87.6 , 89.3 , 60.7 , 31.1 , 8.2 , 68.5 , 31.5 , 51.1 
UMF 7 SANTA INES,19.4165,-98.1514, 88.0 , 86.1 , 68.8 , 22.4 , 8.8 , 59.2 , 40.8 , 46.4 
UMF 7 SOMBRERETE,23.6333,-103.6333, 76.9 , 81.7 , 57.4 , 28.9 , 13.7 , 71.8 , 28.2 , 50.3 
UMF 70 SALTILLO,25.4251,-100.9845, 71.6 , 76.0 , 60.6 , 37.4 , 2.0 , 87.4 , 12.6 , 42.7 
UMF 73 SALTILLO,25.4168,-101.0085, 81.8 , 85.7 , 62.8 , 25.6 , 11.6 , 73.2 , 26.8 , 48.5 
UMF 75 MORELIA C/UMAA,.,., 90.5 , 92.5 , 73.6 , 17.6 , 8.8 , 73.1 , 26.9 , 48.0 
UMF 76 NVO LARED C/UMAA,.,., 78.7 , 81.4 , 67.1 , 23.4 , 9.5 , 78.0 , 22.0 , 42.8 
UMF 76 URUAPAN,.,., 94.3 , 88.9 , 66.5 , 19.0 , 14.5 , 74.8 , 25.2 , 53.4 
UMF 77 CD. MADERO,32.6392,-115.4671, 74.2 , 73.4 , 39.3 , 44.6 , 16.1 , 57.3 , 42.7 , 40.2 
UMF 77 LA PIEDAD,.,., 92.1 , 94.8 , 94.8 , 2.4 , 2.8 , 83.0 , 17.0 , 47.2 
UMF 78 GUADALAJARA,20.6535,-103.2998, 76.9 , 82.2 , 65.8 , 22.1 , 12.1 , 76.9 , 23.1 , 48.8 
UMF 78 LAZARO CARDENAS,17.9931,-102.2202, 82.6 , 87.9 , 66.5 , 24.8 , 8.7 , 64.6 , 35.4 , 46.1 
UMF 78 NETZAHUALCOYOTL,.,., 77.4 , 80.7 , 46.0 , 43.4 , 10.6 , 61.0 , 39.0 , 50.3 
UMF 78 NUEVO LAREDO,27.4929,-99.5044, 87.3 , 92.4 , 65.4 , 29.1 , 5.5 , 73.4 , 26.6 , 50.6 
UMF 79 GUADALAJARA,20.6970,-103.3400, 80.2 , 87.0 , 86.0 , 3.2 , 10.8 , 50.7 , 49.3 , 48.5 
UMF 79 MATAMOROS,25.8814,-97.5084, 83.9 , 88.2 , 72.6 , 23.1 , 4.3 , 66.8 , 33.2 , 53.9 
UMF 79 PIEDRAS NEGRAS,.,., 81.0 , 85.2 , 64.9 , 30.0 , 5.1 , 61.9 , 38.1 , 40.5 
UMF 8 AGUASCALIENTES,21.8979,-102.2719, 88.1 , 91.4 , 68.0 , 27.0 , 5.0 , 67.6 , 32.4 , 47.6 
UMF 8 SANTA ROSALIA,26.8917,-111.9808, 66.0 , 70.8 , 48.8 , 24.1 , 27.1 , 58.3 , 41.7 , 44.9 
UMF 8 VILLA AYALA,25.7981,-100.3120, 87.6 , 85.2 , 47.4 , 34.2 , 18.4 , 82.0 , 18.0 , 49.9 
UMF 80 MORELIA,19.7023,-101.1926, 87.2 , 90.0 , 81.3 , 13.6 , 5.1 , 73.3 , 26.7 , 46.7 
UMF 82 ZAMORA,41.5073,-5.7453, 88.0 , 92.0 , 82.7 , -   , 17.3 , 77.1 , 22.9 , 46.6 
UMF 84 CHIMALHUACAN,19.4114,-98.9353, 80.2 , 80.9 , 61.1 , 27.1 , 11.7 , 63.6 , 36.4 , 46.6 
UMF 88 STA.ANITA,19.5536,-99.2677, 78.7 , 85.0 , 61.3 , 32.1 , 6.6 , 40.3 , 59.7 , 47.1 
UMF 9 ACAPULCO,16.8586,-99.8971, 86.9 , 89.5 , 76.9 , 17.3 , 5.8 , 62.9 , 37.1 , 51.4 
UMF 9 AGUASCALLIENTES,21.8451,-102.2970, 80.7 , 83.8 , 66.9 , 25.9 , 7.3 , 70.3 , 29.7 , 44.4 
UMF 9 DEL TINTERO,20.5888,-100.3899, 75.9 , 79.2 , 60.6 , 30.2 , 9.2 , 66.5 , 33.5 , 42.3 
UMF 9 SALINAS VICTORIA,25.9635,-100.2855, 81.5 , 82.1 , 46.2 , 45.2 , 8.6 , 67.4 , 32.6 , 49.7 
UMF 9 VILLA FRONTERA,26.9175,-101.4692, 70.0 , 76.6 , 46.4 , 44.7 , 8.9 , 57.0 , 43.0 , 44.0 
UMF 91 VILLA FLORES,.,., 74.6 , 77.8 , 70.0 , 28.0 , 2.0 , 58.1 , 41.9 , 45.8 
UMF 92 CD.AZTECA,.,., 69.1 , 77.3 , 51.3 , 36.9 , 11.7 , 66.1 , 33.9 , 50.1 
UMF 92 MIRAVALLE,20.5923,-103.3487, 58.0 , 65.9 , 54.4 , 26.4 , 19.2 , 62.9 , 37.1 , 49.8 
UMF 93 CERRO GORDO,13.7225,-89.2091, 67.4 , 78.4 , 52.3 , 36.8 , 10.9 , 69.9 , 30.1 , 48.9 
UMF 95 PANTACO,.,., 86.1 , 90.0 , 66.6 , 29.5 , 3.9 , 63.0 , 37.0 , 53.4 
UMF18 TIJUANA,.,., 83.4 , 81.4 , 59.5 , 30.6 , 9.9 , 65.2 , 34.8 , 44.2 
UMF68 c/UMAA,.,., 77.3 , 81.0 , 78.2 , 14.1 , 7.6 , 66.2 , 33.8 , 44.6 
UMF73 POZA RICA,.,., 78.5 , 84.2 , 73.1 , 21.8 , 5.0 , 70.5 , 29.5 , 50.6 
UMF74 COATZINTLA,.,., 89.7 , 96.8 , 83.6 , 12.8 , 3.6 , 54.1 , 45.9 , 50.4 
UMFH 11 RASCON,21.8797,-99.5038, 93.1 , 92.5 , 73.4 , 11.7 , 14.9 , 60.9 , 39.1 , 48.5 
UMFH 11 VILLA JUAREZ,43.1365,.9745, 85.3 , 81.6 , 69.0 , 24.6 , 6.4 , 64.1 , 35.9 , 47.8 
UMFH 13 GRAL. TERAN,25.2508,-99.6769, 84.4 , 87.1 , 57.7 , 36.4 , 6.0 , 49.5 , 50.5 , 49.8 
UMFH 13 SAN QUINTIN,31.8140,-116.6019, 86.4 , 86.4 , 60.1 , 33.9 , 5.9 , 54.7 , 45.3 , 48.3 
UMFH 13 TLAHUALLILO,36.8214,-2.8714, 72.9 , 72.9 , 61.2 , 38.8 , -   , 71.7 , 28.3 , 45.9 
UMFH 15 JUAN JOSE RIOS,.,., 100.0 , 90.6 , 56.4 , 37.0 , 6.6 , 64.8 , 35.2 , 57.3 
UMFH 18 ZAPOTILTIC,19.6291,-103.4163, 100.0 , 95.6 , 87.9 , 8.7 , 3.4 , 83.0 , 17.0 , 45.3 
UMFH 19 CD. HIDALGO,19.9547,-102.3062, 90.9 , 86.6 , 75.1 , 24.9 , -   , 81.5 , 18.5 , 46.1 
UMFH 19 HUNUCMA,.,., 94.3 , 91.5 , 52.2 , 41.1 , 6.7 , 73.0 , 27.0 , 52.8 
UMFH 2 CHAMPOTON,19.3592,-90.7194, 79.7 , 73.6 , 43.4 , 50.0 , 6.6 , 77.1 , 22.9 , 51.5 
UMFH 2 PROGRESO,21.2812,-89.6652, 72.2 , 75.9 , 47.4 , 43.0 , 9.7 , 79.8 , 20.2 , 52.7 
UMFH 20 PATZCUARO,19.5298,-101.6102, 85.0 , 91.2 , 84.7 , 12.5 , 2.8 , 70.5 , 29.5 , 47.8 
UMFH 21 C.CAMARGO,19.2373,-103.7222, 78.3 , 78.3 , 54.7 , 34.1 , 11.2 , 59.5 , 40.5 , 45.4 
UMFH 24 C.JIMENEZ,19.2410,-103.6972, 84.3 , 77.6 , 69.2 , 27.8 , 2.9 , 46.4 , 53.6 , 45.0 
UMFH 24 IZUCAR MATAMOR,.,., 84.0 , 90.9 , 56.9 , 23.2 , 20.0 , 58.7 , 41.3 , 44.0 
UMFH 28 CALIPAN,18.2643,-97.1523, 78.7 , 66.5 , 38.8 , 35.3 , 25.9 , 53.0 , 47.0 , 56.2 
UMFH 3 C.MORELOS,.,., 72.0 , 71.5 , 52.6 , 40.3 , 7.1 , 57.5 , 42.5 , 50.7 
UMFH 31 EL ROSARIO,22.9869,-105.8529, 93.5 , 96.5 , 61.2 , 35.8 , 3.0 , 44.7 , 55.3 , 55.5 
UMFH 4 TEQUISQUIAPAN,20.5212,-99.8862, 81.3 , 82.9 , 64.8 , 29.0 , 6.2 , 83.2 , 16.8 , 47.0 
UMFH 5 EL SALTO,20.5187,-103.1780, 66.9 , 79.9 , 70.8 , 18.2 , 11.0 , 68.4 , 31.6 , 45.2 
UMFH 6 CORTAZAR,20.4867,-100.9659, 96.8 , 96.8 , 71.3 , 25.7 , 2.9 , 84.7 , 15.3 , 43.1 
UMFH 64 PURUANDIRO,19.6737,-101.2009, 81.7 , 88.7 , 37.1 , 44.0 , 19.0 , 58.2 , 41.8 , 54.9 
UMFH 9 PENJAMO,20.4314,-101.7221, 67.6 , 67.6 , 67.3 , 25.6 , 7.2 , 40.3 , 59.7 , 44.6 
